<?xml version="1.0" encoding="utf-8"?>
<extension type="module" version="3.1" client="site" method="upgrade">
	<name>Power-Time</name>
	<author>Tang</author>
	<creationDate>Jun 2016</creationDate>
	<copyright>Copyright (C) 2016 All rights reserved.</copyright>
	<authorEmail>admin@electromonitor.com</authorEmail>
	<authorUrl>www.electromonitor.com</authorUrl>
	<version>0.1.0</version>
	<description>Power-Time chart</description>
	<files>
		<filename module="Power-Time">Power-Time.php</filename>
        <filename>helper.php</filename>		
		<folder>tmpl</folder>
		<filename>tmpl/default.php</filename>
		<filename>css/tooltip.css</filename>
		<filename>css/ui+zh_CN.css</filename>
		
		<folder>js</folder>
		<filename>js/api.js</filename>
		<filename>js/jquery-1.9.1.js</filename>
		<filename>js/corechart.js</filename>
		<filename>js/format+zh_CN,default+zh_CN,ui+zh_CN,corechart+zh_CN.I.js</filename>
		<filename>js/jsapi.js</filename>
		<filename>js/date.js</filename>
	</files>
	
	
	
</extension>
