<?xml version="1.0" encoding="utf-8"?>
<extension type="module" version="3.1" client="site" method="upgrade">
	<name>Voltage-Time</name>
	<author>Tang</author>
	<creationDate>Jun 2016</creationDate>
	<copyright>Copyright (C) 2016 All rights reserved.</copyright>
	<authorEmail>admin@electromonitor.com</authorEmail>
	<authorUrl>www.electromonitor.com</authorUrl>
	<version>0.1.0</version>
	<description>Voltage-Time</description>
	<files>
		<filename module="mod_voltage_time">mod_voltage_time.php</filename>
        <filename>helper.php</filename>		
		<folder>tmpl</folder>
		<filename>tmpl/default.php</filename>
		<filename>css/tooltip.css</filename>
		
		<folder>js</folder>
		<filename>js/api.js</filename>
		<filename>js/jquery-1.9.1.js</filename>
	</files>
	
	
	
</extension>
